Node,Rank
3353,1
3509,2
6847,3
7104,4
7626,5
7754,6
8863,7
9134,8
9153,9
10944,10
92,11
107,12
111,13
115,14
155,15
182,16
239,17
282,18
297,19
305,20
311,21
379,22
440,23
575,24
595,25
604,26
649,27
656,28
663,29
666,30
713,31
732,32
774,33
803,34
817,35
818,36
863,37
868,38
947,39
958,40
978,41
980,42
989,43
1001,44
1015,45
1017,46
1052,47
1085,48
1096,49
1103,50
1113,51
1129,52
1131,53
1135,54
1159,55
1200,56
1221,57
1226,58
1251,59
1262,60
1268,61
1293,62
1297,63
1306,64
1366,65
1374,66
1380,67
1385,68
1406,69
1425,70
1449,71
1474,72
1492,73
1508,74
1510,75
1540,76
1557,77
1599,78
1647,79
1651,80
1689,81
1695,82
1717,83
1729,84
1790,85
1795,86
1812,87
1833,88
1842,89
1860,90
1880,91
1917,92
1946,93
1956,94
1958,95
1976,96
1998,97
2006,98
2055,99
2063,100
2076,101
2078,102
2082,103
2091,104
2125,105
2138,106
2158,107
2162,108
2225,109
2233,110
2237,111
2267,112
2276,113
2287,114
2298,115
2306,116
2312,117
2326,118
2332,119
2347,120
2350,121
2351,122
2358,123
2366,124
2371,125
2374,126
2381,127
2384,128
2408,129
2412,130
2416,131
2417,132
2445,133
2452,134
2465,135
2476,136
2498,137
2509,138
2526,139
2539,140
2542,141
2557,142
2575,143
2615,144
2630,145
2631,146
2648,147
2667,148
2704,149
2716,150
2717,151
2724,152
2727,153
2731,154
2738,155
2739,156
2758,157
2761,158
2764,159
2787,160
2792,161
2795,162
2798,163
2812,164
2849,165
2851,166
2855,167
2867,168
2870,169
2873,170
2874,171
2881,172
2884,173
2891,174
2912,175
2915,176
2931,177
2969,178
2989,179
2990,180
2998,181
3002,182
3013,183
3036,184
3052,185
3078,186
3082,187
3089,188
3094,189
3095,190
3103,191
3105,192
3109,193
3110,194
3132,195
3159,196
3160,197
3188,198
3189,199
3194,200
3196,201
3198,202
3202,203
3205,204
3232,205
3241,206
3247,207
3250,208
3254,209
3285,210
3289,211
3300,212
3306,213
3325,214
3345,215
3349,216
3369,217
3377,218
3379,219
3386,220
3389,221
3425,222
3427,223
3431,224
3432,225
3442,226
3446,227
3496,228
3497,229
3501,230
3525,231
3534,232
3538,233
3544,234
3545,235
3549,236
3570,237
3584,238
3588,239
3592,240
3599,241
3602,242
3604,243
3611,244
3618,245
3619,246
3639,247
3649,248
3652,249
3653,250
3662,251
3665,252
3670,253
3671,254
3679,255
3680,256
3687,257
3692,258
3712,259
3717,260
3718,261
3720,262
3728,263
3753,264
3754,265
3782,266
3786,267
3788,268
3793,269
3805,270
3816,271
3818,272
3858,273
3860,274
3862,275
3868,276
3895,277
3928,278
3930,279
3934,280
3958,281
3962,282
3964,283
3981,284
3994,285
3996,286
4002,287
4006,288
4016,289
4025,290
4071,291
4085,292
4088,293
4102,294
4114,295
4117,296
4127,297
4135,298
4162,299
4179,300
4183,301
4189,302
4199,303
4216,304
4217,305
4218,306
4239,307
4249,308
4251,309
4252,310
4254,311
4255,312
4259,313
4276,314
4279,315
4293,316
4315,317
4327,318
4339,319
4349,320
4390,321
4396,322
4398,323
4421,324
4425,325
4428,326
4430,327
4441,328
4442,329
4446,330
4459,331
4462,332
4463,333
4468,334
4474,335
4480,336
4481,337
4492,338
4519,339
4524,340
4537,341
4545,342
4558,343
4561,344
4576,345
4583,346
4603,347
4607,348
4612,349
4623,350
4625,351
4636,352
4665,353
4666,354
4670,355
4672,356
4676,357
4679,358
4685,359
4693,360
4718,361
4734,362
4751,363
4756,364
4759,365
4775,366
4803,367
4823,368
4824,369
4826,370
4835,371
4849,372
4868,373
4886,374
4898,375
4906,376
4907,377
4914,378
4925,379
4927,380
4936,381
4949,382
4962,383
4964,384
4967,385
4970,386
4974,387
4979,388
4988,389
4989,390
4991,391
5002,392
5007,393
5016,394
5020,395
5030,396
5040,397
5041,398
5048,399
5055,400
5059,401
5068,402
5077,403
5082,404
5096,405
5099,406
5102,407
5109,408
5110,409
5117,410
5122,411
5126,412
5148,413
5149,414
5150,415
5160,416
5165,417
5167,418
5181,419
5186,420
5190,421
5199,422
5210,423
5211,424
5226,425
5233,426
5236,427
5237,428
5244,429
5247,430
5264,431
5267,432
5269,433
5280,434
5286,435
5300,436
5308,437
5315,438
5316,439
5317,440
5340,441
5341,442
5342,443
5344,444
5349,445
5359,446
5361,447
5371,448
5385,449
5390,450
5397,451
5399,452
5400,453
5408,454
5411,455
5420,456
5427,457
5436,458
5438,459
5439,460
5452,461
5455,462
5461,463
5462,464
5466,465
5467,466
5472,467
5482,468
5483,469
5484,470
5489,471
5500,472
5502,473
5506,474
5510,475
5520,476
5529,477
5535,478
5542,479
5545,480
5559,481
5560,482
5571,483
5575,484
5576,485
5577,486
5586,487
5598,488
5606,489
5620,490
5627,491
5628,492
5670,493
5676,494
5679,495
5680,496
5683,497
5685,498
5687,499
5697,500
5703,501
5707,502
5711,503
5713,504
5715,505
5718,506
5720,507
5724,508
5728,509
5738,510
5742,511
5743,512
5747,513
5753,514
5771,515
5778,516
5779,517
5780,518
5789,519
5797,520
5804,521
5806,522
5815,523
5821,524
5828,525
5832,526
5833,527
5836,528
5848,529
5852,530
5861,531
5863,532
5886,533
5891,534
5892,535
5895,536
5910,537
5913,538
5920,539
5923,540
5924,541
5926,542
5933,543
5939,544
5950,545
5952,546
5953,547
5961,548
5964,549
5971,550
5990,551
5991,552
6003,553
6010,554
6017,555
6028,556
6050,557
6051,558
6054,559
6058,560
6060,561
6075,562
6076,563
6085,564
6103,565
6108,566
6120,567
6138,568
6139,569
6142,570
6144,571
6147,572
6150,573
6159,574
6160,575
6169,576
6174,577
6178,578
6184,579
6185,580
6195,581
6198,582
6200,583
6217,584
6220,585
6225,586
6226,587
6233,588
6247,589
6248,590
6249,591
6257,592
6270,593
6275,594
6279,595
6285,596
6289,597
6294,598
6309,599
6321,600
6323,601
6328,602
6344,603
6352,604
6355,605
6357,606
6369,607
6370,608
6380,609
6383,610
6398,611
6407,612
6412,613
6419,614
6427,615
6429,616
6439,617
6444,618
6449,619
6456,620
6462,621
6472,622
6479,623
6481,624
6492,625
6493,626
6497,627
6505,628
6512,629
6515,630
6533,631
6543,632
6544,633
6551,634
6556,635
6557,636
6558,637
6566,638
6570,639
6578,640
6584,641
6595,642
6602,643
6612,644
6615,645
6617,646
6620,647
6626,648
6636,649
6646,650
6648,651
6653,652
6660,653
6670,654
6674,655
6677,656
6688,657
6696,658
6699,659
6712,660
6720,661
6722,662
6732,663
6735,664
6736,665
6745,666
6758,667
6759,668
6760,669
6768,670
6775,671
6776,672
6777,673
6781,674
6782,675
6792,676
6802,677
6803,678
6805,679
6807,680
6815,681
6818,682
6820,683
6821,684
6823,685
6826,686
6827,687
6831,688
6832,689
6841,690
6843,691
6851,692
6858,693
6871,694
6874,695
6875,696
6883,697
6886,698
6895,699
6908,700
6913,701
6918,702
6943,703
6946,704
6959,705
6964,706
6969,707
6970,708
6986,709
6989,710
6990,711
6992,712
6993,713
7006,714
7014,715
7017,716
7018,717
7022,718
7025,719
7027,720
7031,721
7035,722
7037,723
7048,724
7055,725
7064,726
7065,727
7066,728
7074,729
7076,730
7088,731
7090,732
7098,733
7105,734
7109,735
7110,736
7114,737
7120,738
7133,739
7144,740
7145,741
7175,742
7178,743
7180,744
7181,745
7182,746
7188,747
7192,748
7193,749
7194,750
7196,751
7198,752
7199,753
7200,754
7206,755
7208,756
7225,757
7227,758
7228,759
7229,760
7231,761
7232,762
7234,763
7235,764
7239,765
7246,766
7249,767
7252,768
7268,769
7273,770
7282,771
7283,772
7284,773
7295,774
7306,775
7310,776
7325,777
7328,778
7342,779
7344,780
7347,781
7352,782
7355,783
7357,784
7373,785
7374,786
7378,787
7390,788
7391,789
7401,790
7403,791
7422,792
7429,793
7432,794
7435,795
7437,796
7446,797
7448,798
7449,799
7450,800
7460,801
7463,802
7466,803
7469,804
7471,805
7478,806
7487,807
7489,808
7494,809
7495,810
7499,811
7505,812
7506,813
7508,814
7514,815
7518,816
7525,817
7528,818
7531,819
7536,820
7537,821
7541,822
7542,823
7545,824
7547,825
7549,826
7550,827
7551,828
7553,829
7556,830
7563,831
7565,832
7566,833
7567,834
7568,835
7575,836
7576,837
7579,838
7592,839
7606,840
7608,841
7610,842
7618,843
7619,844
7623,845
7635,846
7637,847
7640,848
7656,849
7661,850
7663,851
7667,852
7668,853
7674,854
7676,855
7680,856
7696,857
7698,858
7699,859
7706,860
7708,861
7719,862
7720,863
7729,864
7732,865
7737,866
7738,867
7740,868
7744,869
7745,870
7750,871
7756,872
7761,873
7772,874
7777,875
7780,876
7800,877
7801,878
7803,879
7807,880
7810,881
7813,882
7828,883
7830,884
7831,885
7835,886
7838,887
7843,888
7863,889
7868,890
7869,891
7870,892
7873,893
7875,894
7876,895
7895,896
7897,897
7898,898
7904,899
7910,900
7917,901
7927,902
7931,903
7934,904
7936,905
7942,906
7943,907
7949,908
7956,909
7960,910
7961,911
7962,912
7963,913
7965,914
7969,915
7976,916
7982,917
7986,918
7989,919
7993,920
7994,921
7996,922
7999,923
8001,924
8012,925
8027,926
8029,927
8031,928
8033,929
8038,930
8040,931
8042,932
8051,933
8053,934
8057,935
8069,936
8070,937
8082,938
8089,939
8096,940
8100,941
8102,942
8106,943
8108,944
8111,945
8115,946
8119,947
8122,948
8123,949
8128,950
8129,951
8131,952
8132,953
8140,954
8141,955
8145,956
8152,957
8156,958
8168,959
8174,960
8184,961
8185,962
8187,963
8190,964
8204,965
8207,966
8208,967
8212,968
8215,969
8220,970
8222,971
8229,972
8235,973
8239,974
8251,975
8252,976
8258,977
8259,978
8261,979
8273,980
8274,981
8277,982
8279,983
8281,984
8287,985
8298,986
8299,987
8306,988
8314,989
8315,990
8317,991
8321,992
8322,993
8331,994
8332,995
8334,996
8335,997
8337,998
8344,999
8347,1000
8348,1001
8354,1002
8359,1003
8367,1004
8371,1005
8372,1006
8373,1007
8376,1008
8379,1009
8387,1010
8394,1011
8401,1012
8405,1013
8408,1014
8410,1015
8411,1016
8412,1017
8426,1018
8427,1019
8440,1020
8450,1021
8453,1022
8454,1023
8456,1024
8464,1025
8466,1026
8467,1027
8471,1028
8475,1029
8480,1030
8483,1031
8484,1032
8489,1033
8490,1034
8493,1035
8494,1036
8498,1037
8500,1038
8503,1039
8510,1040
8511,1041
8513,1042
8518,1043
8522,1044
8533,1045
8534,1046
8542,1047
8545,1048
8546,1049
8547,1050
8553,1051
8555,1052
8561,1053
8569,1054
8576,1055
8577,1056
8581,1057
8582,1058
8583,1059
8594,1060
8596,1061
8604,1062
8609,1063
8612,1064
8614,1065
8616,1066
8622,1067
8623,1068
8624,1069
8628,1070
8631,1071
8636,1072
8646,1073
8649,1074
8650,1075
8657,1076
8658,1077
8659,1078
8664,1079
8667,1080
8670,1081
8672,1082
8673,1083
8674,1084
8679,1085
8690,1086
8694,1087
8696,1088
8697,1089
8700,1090
8702,1091
8709,1092
8710,1093
8711,1094
8714,1095
8716,1096
8717,1097
8722,1098
8724,1099
8725,1100
8726,1101
8729,1102
8731,1103
8736,1104
8739,1105
8744,1106
8749,1107
8759,1108
8760,1109
8762,1110
8763,1111
8765,1112
8770,1113
8771,1114
8775,1115
8788,1116
8791,1117
8797,1118
8799,1119
8800,1120
8810,1121
8814,1122
8815,1123
8822,1124
8823,1125
8824,1126
8831,1127
8833,1128
8835,1129
8841,1130
8844,1131
8849,1132
8852,1133
8857,1134
8858,1135
8864,1136
8865,1137
8868,1138
8869,1139
8870,1140
8871,1141
8884,1142
8894,1143
8895,1144
8898,1145
8902,1146
8913,1147
8914,1148
8916,1149
8918,1150
8922,1151
8925,1152
8938,1153
8941,1154
8942,1155
8943,1156
8948,1157
8950,1158
8952,1159
8956,1160
8957,1161
8959,1162
8963,1163
8966,1164
8971,1165
8972,1166
8977,1167
8979,1168
8981,1169
8984,1170
8985,1171
8989,1172
8991,1173
8993,1174
8996,1175
9001,1176
9003,1177
9004,1178
9006,1179
9007,1180
9008,1181
9010,1182
9015,1183
9017,1184
9021,1185
9029,1186
9031,1187
9042,1188
9043,1189
9051,1190
9053,1191
9054,1192
9055,1193
9057,1194
9058,1195
9062,1196
9066,1197
9068,1198
9069,1199
9072,1200
9075,1201
9078,1202
9082,1203
9083,1204
9084,1205
9085,1206
9086,1207
9094,1208
9096,1209
9099,1210
9101,1211
9105,1212
9107,1213
9112,1214
9113,1215
9116,1216
9119,1217
9122,1218
9125,1219
9128,1220
9130,1221
9140,1222
9144,1223
9146,1224
9147,1225
9148,1226
9155,1227
9156,1228
9157,1229
9161,1230
9165,1231
9167,1232
9175,1233
9184,1234
9187,1235
9188,1236
9189,1237
9190,1238
9192,1239
9193,1240
9196,1241
9201,1242
9203,1243
9205,1244
9207,1245
9208,1246
9211,1247
9212,1248
9213,1249
9220,1250
9222,1251
9223,1252
9225,1253
9227,1254
9231,1255
9240,1256
9241,1257
9243,1258
9244,1259
9245,1260
9249,1261
9250,1262
9254,1263
9256,1264
9257,1265
9260,1266
9261,1267
9264,1268
9267,1269
9269,1270
9272,1271
9274,1272
9275,1273
9276,1274
9280,1275
9281,1276
9282,1277
9284,1278
9285,1279
9290,1280
9291,1281
9295,1282
9298,1283
9299,1284
9301,1285
9304,1286
9307,1287
9313,1288
9316,1289
9318,1290
9323,1291
9327,1292
9330,1293
9332,1294
9336,1295
9339,1296
9340,1297
9343,1298
9344,1299
9349,1300
9351,1301
9353,1302
9356,1303
9361,1304
9362,1305
9366,1306
9367,1307
9368,1308
9370,1309
9372,1310
9373,1311
9374,1312
9375,1313
9376,1314
9378,1315
9379,1316
9382,1317
9385,1318
9387,1319
9388,1320
9390,1321
9391,1322
9392,1323
9396,1324
9402,1325
9403,1326
9404,1327
9406,1328
9407,1329
9408,1330
9411,1331
9413,1332
9415,1333
9416,1334
9417,1335
9419,1336
9420,1337
9421,1338
9423,1339
9424,1340
9426,1341
9434,1342
9435,1343
9438,1344
9439,1345
9440,1346
9442,1347
9444,1348
9445,1349
9449,1350
9451,1351
9452,1352
9453,1353
9458,1354
9459,1355
9460,1356
9462,1357
9465,1358
9466,1359
9470,1360
9477,1361
9484,1362
9486,1363
9488,1364
9489,1365
9492,1366
9494,1367
9497,1368
9502,1369
9503,1370
9504,1371
9507,1372
9508,1373
9510,1374
9514,1375
9515,1376
9519,1377
9520,1378
9525,1379
9527,1380
9528,1381
9529,1382
9530,1383
9531,1384
9532,1385
9534,1386
9535,1387
9536,1388
9537,1389
9542,1390
9544,1391
9545,1392
9547,1393
9555,1394
9558,1395
9562,1396
9563,1397
9568,1398
9572,1399
9575,1400
9583,1401
9587,1402
9592,1403
9595,1404
9597,1405
9598,1406
9599,1407
9603,1408
9604,1409
9607,1410
9611,1411
9612,1412
9613,1413
9615,1414
9623,1415
9628,1416
9630,1417
9635,1418
9641,1419
9644,1420
9645,1421
9652,1422
9653,1423
9655,1424
9658,1425
9659,1426
9661,1427
9665,1428
9673,1429
9677,1430
9680,1431
9681,1432
9683,1433
9685,1434
9686,1435
9688,1436
9689,1437
9692,1438
9697,1439
9698,1440
9702,1441
9703,1442
9704,1443
9705,1444
9708,1445
9710,1446
9713,1447
9714,1448
9716,1449
9721,1450
9723,1451
9726,1452
9729,1453
9731,1454
9732,1455
9734,1456
9739,1457
9741,1458
9747,1459
9749,1460
9752,1461
9754,1462
9756,1463
9757,1464
9760,1465
9761,1466
9762,1467
9769,1468
9770,1469
9772,1470
9773,1471
9776,1472
9777,1473
9778,1474
9779,1475
9780,1476
9787,1477
9788,1478
9790,1479
9791,1480
9793,1481
9799,1482
9800,1483
9802,1484
9807,1485
9808,1486
9815,1487
9816,1488
9818,1489
9820,1490
9821,1491
9827,1492
9829,1493
9830,1494
9831,1495
9835,1496
9839,1497
9840,1498
9842,1499
9843,1500
9844,1501
9845,1502
9846,1503
9848,1504
9850,1505
9861,1506
9862,1507
9866,1508
9867,1509
9870,1510
9875,1511
9876,1512
9877,1513
9878,1514
9881,1515
9882,1516
9886,1517
9888,1518
9892,1519
9894,1520
9896,1521
9897,1522
9899,1523
9900,1524
9901,1525
9903,1526
9905,1527
9906,1528
9907,1529
9908,1530
9911,1531
9920,1532
9924,1533
9928,1534
9930,1535
9932,1536
9933,1537
9935,1538
9937,1539
9938,1540
9941,1541
9942,1542
9943,1543
9944,1544
9946,1545
9949,1546
9951,1547
9952,1548
9954,1549
9955,1550
9965,1551
9967,1552
9971,1553
9972,1554
9973,1555
9974,1556
9975,1557
9979,1558
9983,1559
9984,1560
9988,1561
9989,1562
9990,1563
9991,1564
9997,1565
9998,1566
10001,1567
10003,1568
10004,1569
10006,1570
10013,1571
10016,1572
10019,1573
10020,1574
10024,1575
10027,1576
10028,1577
10033,1578
10034,1579
10035,1580
10040,1581
10045,1582
10047,1583
10049,1584
10054,1585
10055,1586
10056,1587
10057,1588
10061,1589
10063,1590
10067,1591
10068,1592
10069,1593
10070,1594
10073,1595
10075,1596
10077,1597
10080,1598
10082,1599
10083,1600
10084,1601
10086,1602
10087,1603
10089,1604
10093,1605
10095,1606
10096,1607
10102,1608
10108,1609
10111,1610
10114,1611
10117,1612
10119,1613
10121,1614
10122,1615
10124,1616
10126,1617
10128,1618
10134,1619
10135,1620
10136,1621
10137,1622
10138,1623
10140,1624
10142,1625
10146,1626
10150,1627
10151,1628
10154,1629
10159,1630
10163,1631
10167,1632
10170,1633
10171,1634
10173,1635
10174,1636
10175,1637
10178,1638
10180,1639
10183,1640
10186,1641
10187,1642
10189,1643
10191,1644
10196,1645
10198,1646
10199,1647
10201,1648
10202,1649
10205,1650
10206,1651
10216,1652
10217,1653
10221,1654
10222,1655
10225,1656
10226,1657
10228,1658
10234,1659
10235,1660
10237,1661
10243,1662
10245,1663
10246,1664
10248,1665
10249,1666
10250,1667
10253,1668
10254,1669
10256,1670
10264,1671
10265,1672
10267,1673
10268,1674
10269,1675
10274,1676
10275,1677
10276,1678
10278,1679
10279,1680
10283,1681
10285,1682
10288,1683
10290,1684
10292,1685
10293,1686
10297,1687
10298,1688
10299,1689
10301,1690
10305,1691
10307,1692
10312,1693
10313,1694
10319,1695
10323,1696
10326,1697
10327,1698
10328,1699
10330,1700
10331,1701
10335,1702
10339,1703
10348,1704
10349,1705
10351,1706
10352,1707
10353,1708
10357,1709
10358,1710
10359,1711
10360,1712
10361,1713
10362,1714
10363,1715
10365,1716
10366,1717
10368,1718
10369,1719
10372,1720
10373,1721
10374,1722
10376,1723
10379,1724
10380,1725
10382,1726
10386,1727
10388,1728
10390,1729
10392,1730
10393,1731
10395,1732
10399,1733
10400,1734
10403,1735
10405,1736
10409,1737
10410,1738
10411,1739
10412,1740
10414,1741
10415,1742
10418,1743
10419,1744
10420,1745
10424,1746
10425,1747
10428,1748
10430,1749
10431,1750
10439,1751
10440,1752
10445,1753
10446,1754
10448,1755
10451,1756
10452,1757
10453,1758
10455,1759
10456,1760
10459,1761
10460,1762
10464,1763
10465,1764
10466,1765
10468,1766
10469,1767
10471,1768
10472,1769
10473,1770
10474,1771
10478,1772
10481,1773
10483,1774
10485,1775
10487,1776
10493,1777
10494,1778
10496,1779
10497,1780
10500,1781
10502,1782
10503,1783
10504,1784
10505,1785
10506,1786
10508,1787
10509,1788
10511,1789
10512,1790
10514,1791
10515,1792
10518,1793
10519,1794
10520,1795
10521,1796
10523,1797
10525,1798
10527,1799
10528,1800
10533,1801
10534,1802
10535,1803
10536,1804
10538,1805
10539,1806
10540,1807
10541,1808
10542,1809
10545,1810
10546,1811
10547,1812
10548,1813
10550,1814
10551,1815
10552,1816
10553,1817
10554,1818
10555,1819
10556,1820
10557,1821
10558,1822
10559,1823
10563,1824
10564,1825
10567,1826
10569,1827
10571,1828
10575,1829
10578,1830
10580,1831
10581,1832
10582,1833
10584,1834
10588,1835
10589,1836
10594,1837
10596,1838
10597,1839
10598,1840
10603,1841
10605,1842
10606,1843
10607,1844
10609,1845
10610,1846
10613,1847
10615,1848
10616,1849
10617,1850
10620,1851
10622,1852
10623,1853
10625,1854
10627,1855
10630,1856
10632,1857
10634,1858
10635,1859
10637,1860
10639,1861
10640,1862
10641,1863
10642,1864
10643,1865
10645,1866
10647,1867
10648,1868
10649,1869
10651,1870
10652,1871
10654,1872
10656,1873
10658,1874
10659,1875
10660,1876
10661,1877
10662,1878
10663,1879
10665,1880
10668,1881
10673,1882
10674,1883
10675,1884
10676,1885
10677,1886
10678,1887
10681,1888
10682,1889
10685,1890
10687,1891
10688,1892
10689,1893
10691,1894
10693,1895
10694,1896
10696,1897
10699,1898
10702,1899
10704,1900
10705,1901
10708,1902
10710,1903
10711,1904
10712,1905
10713,1906
10715,1907
10716,1908
10717,1909
10719,1910
10723,1911
10724,1912
10725,1913
10727,1914
10728,1915
10729,1916
10733,1917
10734,1918
10738,1919
10740,1920
10742,1921
10743,1922
10744,1923
10745,1924
10746,1925
10747,1926
10748,1927
10750,1928
10751,1929
10754,1930
10756,1931
10758,1932
10759,1933
10760,1934
10763,1935
10764,1936
10765,1937
10768,1938
10770,1939
10771,1940
10773,1941
10776,1942
10777,1943
10779,1944
10781,1945
10784,1946
10785,1947
10786,1948
10787,1949
10790,1950
10793,1951
10796,1952
10797,1953
10798,1954
10799,1955
10803,1956
10804,1957
10805,1958
10808,1959
10809,1960
10810,1961
10811,1962
10812,1963
10814,1964
10815,1965
10818,1966
10821,1967
10823,1968
10824,1969
10826,1970
10829,1971
10831,1972
10832,1973
10833,1974
10836,1975
10837,1976
10840,1977
10841,1978
10842,1979
10843,1980
10844,1981
10850,1982
10851,1983
10853,1984
10854,1985
10855,1986
10858,1987
10861,1988
10862,1989
10865,1990
10866,1991
10868,1992
10869,1993
10870,1994
10873,1995
10874,1996
10876,1997
10879,1998
10885,1999
10887,2000
10888,2001
10889,2002
10891,2003
10892,2004
10894,2005
10898,2006
10903,2007
10905,2008
10906,2009
10908,2010
10909,2011
10910,2012
10914,2013
10916,2014
10917,2015
10920,2016
10921,2017
10922,2018
10926,2019
10931,2020
10933,2021
10934,2022
10935,2023
10938,2024
10940,2025
10941,2026
10942,2027
10943,2028
10946,2029
10948,2030
10949,2031
10950,2032
10952,2033
10953,2034
10954,2035
10955,2036
10957,2037
10959,2038
10960,2039
10961,2040
10962,2041
10963,2042
10965,2043
10966,2044
10967,2045
10968,2046
10972,2047
10973,2048
10974,2049
10976,2050
10977,2051
10980,2052
10983,2053
10984,2054
10985,2055
10987,2056
10988,2057
10990,2058
10991,2059
10992,2060
10994,2061
10996,2062
10997,2063
11001,2064
11002,2065
11004,2066
11005,2067
11006,2068
11007,2069
11010,2070
11011,2071
11012,2072
11013,2073
11014,2074
11018,2075
11019,2076
11020,2077
11022,2078
11023,2079
11025,2080
11026,2081
11027,2082
11028,2083
11029,2084
11030,2085
11032,2086
11035,2087
11036,2088
11037,2089
11039,2090
11044,2091
11045,2092
11050,2093
11052,2094
11053,2095
11054,2096
11055,2097
11056,2098
11057,2099
11058,2100
11059,2101
11062,2102
11065,2103
11066,2104
11069,2105
11074,2106
11075,2107
11077,2108
11078,2109
11079,2110
11081,2111
11083,2112
11084,2113
11085,2114
11086,2115
11087,2116
11088,2117
11089,2118
11090,2119
11091,2120
11092,2121
11095,2122
11096,2123
11097,2124
11100,2125
11101,2126
11103,2127
11104,2128
11107,2129
11108,2130
11110,2131
11111,2132
11112,2133
11113,2134
11114,2135
11117,2136
11118,2137
11120,2138
11122,2139
11123,2140
11124,2141
11125,2142
11127,2143
11128,2144
11129,2145
11130,2146
11131,2147
11132,2148
11138,2149
11139,2150
11140,2151
11141,2152
11143,2153
11144,2154
11146,2155
11150,2156
11151,2157
11152,2158
11153,2159
11154,2160
11156,2161
11160,2162
11162,2163
11164,2164
11165,2165
11166,2166
11167,2167
11168,2168
11170,2169
11173,2170
11174,2171
11175,2172
11176,2173
11177,2174
11179,2175
11180,2176
11181,2177
11182,2178
11183,2179
11184,2180
11187,2181
11189,2182
11190,2183
11191,2184
11194,2185
11196,2186
11197,2187
11199,2188
11201,2189
11202,2190
11203,2191
11205,2192
11207,2193
11208,2194
11209,2195
11212,2196
11214,2197
11215,2198
11216,2199
11219,2200
11221,2201
11223,2202
11224,2203
11226,2204
11227,2205
11228,2206
11229,2207
11230,2208
11232,2209
11234,2210
11235,2211
11236,2212
11237,2213
11239,2214
11240,2215
11242,2216
11244,2217
11245,2218
11246,2219
11247,2220
11248,2221
11249,2222
11251,2223
11253,2224
11255,2225
11257,2226
11259,2227
11260,2228
11261,2229
11262,2230
11263,2231
11265,2232
11267,2233
11269,2234
11270,2235
11271,2236
11272,2237
11273,2238
11274,2239
11276,2240
11278,2241
11279,2242
11280,2243
11281,2244
11282,2245
11283,2246
11285,2247
11287,2248
11289,2249
11290,2250
11291,2251
11292,2252
11293,2253
11294,2254
11295,2255
11296,2256
11297,2257
11300,2258
11302,2259
11303,2260
11305,2261
11306,2262
11307,2263
11308,2264
11309,2265
11310,2266
11311,2267
11313,2268
11314,2269
11315,2270
11316,2271
11319,2272
11320,2273
11321,2274
11322,2275
11323,2276
11324,2277
11325,2278
11327,2279
11328,2280
11329,2281
11331,2282
11332,2283
11334,2284
11335,2285
11336,2286
11337,2287
11340,2288
11341,2289
11342,2290
11343,2291
11344,2292
11345,2293
11348,2294
11350,2295
11353,2296
11354,2297
11356,2298
11357,2299
11358,2300
11359,2301
11361,2302
11363,2303
11364,2304
11365,2305
11366,2306
11367,2307
11369,2308
11370,2309
11371,2310
11372,2311
11373,2312
11376,2313
11377,2314
11378,2315
11379,2316
11381,2317
11382,2318
11383,2319
11384,2320
11385,2321
11386,2322
11387,2323
11388,2324
11390,2325
11391,2326
11392,2327
11393,2328
11394,2329
11395,2330
11396,2331
11397,2332
11398,2333
11399,2334
11400,2335
11401,2336
11402,2337
11403,2338
11404,2339
11405,2340
11406,2341
11409,2342
11410,2343
11411,2344
11412,2345
11413,2346
11414,2347
11415,2348
11417,2349
11418,2350
11420,2351
11421,2352
11422,2353
11424,2354
11425,2355
11427,2356
11428,2357
11429,2358
11431,2359
11432,2360
11433,2361
11434,2362
11435,2363
11436,2364
11437,2365
11439,2366
11440,2367
11442,2368
11444,2369
11445,2370
11446,2371
11447,2372
11449,2373
11450,2374
11451,2375
11452,2376
11453,2377
11455,2378
11456,2379
11457,2380
11458,2381
11459,2382
11460,2383
11461,2384
11462,2385
11463,2386
11464,2387
11466,2388
11467,2389
11469,2390
11470,2391
11471,2392
11472,2393
11473,2394
11474,2395
11475,2396
11476,2397
11477,2398
11478,2399
11480,2400
11481,2401
11482,2402
11483,2403
11484,2404
11485,2405
11486,2406
11487,2407
11488,2408
11489,2409
11490,2410
11492,2411
11493,2412
11494,2413
11495,2414
11496,2415
11497,2416
11498,2417
11499,2418
11500,2419
11501,2420
11502,2421
11503,2422
11504,2423
11505,2424
11506,2425
11507,2426
11508,2427
11509,2428
11511,2429
11512,2430
11513,2431
11514,2432
11515,2433
11516,2434
11517,2435
11518,2436
11519,2437
11520,2438
11521,2439
11523,2440
11524,2441
11525,2442
11526,2443
11527,2444
11528,2445
11529,2446
11530,2447
11531,2448
11534,2449
11535,2450
11537,2451
11538,2452
11539,2453
11540,2454
11543,2455
11544,2456
11545,2457
11546,2458
11547,2459
11548,2460
11549,2461
11550,2462
11551,2463
11553,2464
11554,2465
11555,2466
11556,2467
11557,2468
11558,2469
11559,2470
11560,2471
11562,2472
11563,2473
